{
  "warmup_iters": 1,
  "summaries": {
    "opengraphdb": {
      "iter_count": 5,
      "engine": "opengraphdb",
      "engine_version": "0.5.1",
      "ingest_seconds_med": 37.99899105587974,
      "ingest_nodes_per_sec_med": 263.1648820700111,
      "point_read_us": {
        "p50": 713.8201035559177,
        "p95": 20530.82501515746,
        "p99": 31206.661369651556,
        "per_iter_p50": [
          706.6070102155209,
          602.0362488925457,
          713.8201035559177,
          787.5463925302029,
          741.8440654873848
        ],
        "per_iter_p95": [
          20334.355998784304,
          20386.014133691788,
          24361.136835068464,
          20530.82501515746,
          21639.01785388589
        ],
        "per_iter_p99": [
          31206.661369651556,
          29667.58841648698,
          33686.889335513115,
          32597.052864730358,
          30985.19379273057
        ]
      },
      "two_hop_us": {
        "p50": 15743.19088831544,
        "p95": 25343.885645270348,
        "p99": 28211.7142342031,
        "per_iter_p50": [
          16248.313244432211,
          15743.19088831544,
          16334.35022085905,
          15450.128819793463,
          15215.742867439985
        ],
        "per_iter_p95": [
          25416.30296036601,
          24837.755132466555,
          25796.27698287368,
          25343.885645270348,
          24614.545982331038
        ],
        "per_iter_p99": [
          27794.817928224802,
          27888.85124027729,
          28211.7142342031,
          28951.44699141383,
          28257.591649889946
        ]
      }
    },
    "neo4j": {
      "iter_count": 5,
      "engine": "neo4j",
      "engine_version": "neo4j:5-community",
      "ingest_seconds_med": 1.6387982801534235,
      "ingest_nodes_per_sec_med": 6102.032276396949,
      "point_read_us": {
        "p50": 2539.9262085556984,
        "p95": 5709.974095225334,
        "p99": 7648.68687838316,
        "per_iter_p50": [
          2413.08007389307,
          2444.368787109852,
          2603.367902338505,
          2580.3069584071636,
          2539.9262085556984
        ],
        "per_iter_p95": [
          5709.974095225334,
          6077.806930989027,
          5819.095764309168,
          5147.095769643784,
          5449.89388436079
        ],
        "per_iter_p99": [
          7648.68687838316,
          7803.3749014139175,
          7901.309058070183,
          6348.584778606892,
          7240.219973027706
        ]
      },
      "two_hop_us": {
        "p50": 3827.46709510684,
        "p95": 6751.001346856356,
        "p99": 8770.655374974012,
        "per_iter_p50": [
          3922.0601320266724,
          3827.46709510684,
          2055.1709458231926,
          4200.104158371687,
          1960.9052687883377
        ],
        "per_iter_p95": [
          7061.778102070093,
          6751.001346856356,
          2873.4607622027397,
          7426.867261528969,
          3205.3180038928986
        ],
        "per_iter_p99": [
          11032.53522887826,
          8770.655374974012,
          3502.087201923132,
          10682.09484219551,
          4309.650044888258
        ]
      }
    }
  },
  "iter_counts": {
    "opengraphdb": 6,
    "neo4j": 6
  }
}